{
  "web": {
    "client_id": "218676759648-6q3mjmfrb8rd1vep2sk9d5m5d6rssgbp.apps.googleusercontent.com",
    "project_id": "yt-oauth-358408",
    "auth_uri": "https://accounts.google.com/o/oauth2/auth",
    "token_uri": "https://oauth2.googleapis.com/token",
    "auth_provider_x509_cert_url": "https://www.googleapis.com/oauth2/v1/certs",
    "client_secret": "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",
    "redirect_uris": [
      "http://localhost:5000/api/authorize",
      "http://localhost:5000/api/login",
      "http://localhost:5000/api/set_token"
    ],
    "javascript_origins": [
      "http://localhost:3000",
      "https://localhost:3000",
      "http://localhost:5000",
      "https://localhost:5000",
      "http://localhost",
      "https://localhost"
    ]
  }
}
